[{"name":"SET_ENTITY_COORDS","getter":{"returnType":"Vector3","name":"GET_ENTITY_COORDS","returnArgStart":1},"hash":"0x06843DA7060A026B","ctx":{"idx":0,"type":"Entity"},"type":"ctx","args":[{"type":"Entity","translate":true},{"type":"float"},{"type":"float"},{"type":"float"},{"type":"BOOL"},{"type":"BOOL"},{"type":"BOOL"},{"type":"BOOL"}]},{"name":"SET_ENTITY_ROTATION","hash":"0x8524A8B0171D5E07","ctx":{"idx":0,"type":"Entity"},"type":"ctx","args":[{"type":"Entity","translate":true},{"type":"float"},{"type":"float"},{"type":"float"},{"type":"int"},{"type":"BOOL"}]},{"name":"SET_ENTITY_VELOCITY","hash":"0x1C99BB7B6E96D16F","ctx":{"idx":0,"type":"Entity"},"type":"ctx","args":[{"type":"Entity","translate":true},{"type":"float"},{"type":"float"},{"type":"float"}]},{"name":"SET_ENTITY_HEADING","hash":"0x8E2530AA8ADA980E","ctx":{"idx":0,"type":"Entity"},"type":"ctx","args":[{"type":"Entity","translate":true},{"type":"float"}]},{"name":"FREEZE_ENTITY_POSITION","hash":"0x428CA6DBD1094446","ctx":{"idx":0,"type":"Entity"},"type":"ctx","args":[{"type":"Entity","translate":true},{"type":"BOOL"}]},{"name":"APPLY_FORCE_TO_ENTITY","hash":"0xC5F68BE9613E2D18","ctx":{"idx":0,"type":"Entity"},"type":"ctx","args":[{"type":"Entity","translate":true},{"type":"int"},{"type":"float"},{"type":"float"},{"type":"float"},{"type":"float"},{"type":"float"},{"type":"float"},{"type":"int"},{"type":"BOOL"},{"type":"BOOL"},{"type":"BOOL"},{"type":"BOOL"},{"type":"BOOL"}]},{"name":"SET_PLAYER_MODEL","hash":"0x00A1CADD00108836","ctx":{"idx":0,"type":"Player"},"type":"ctx","args":[{"type":"Player","translate":true},{"type":"Hash"}]},{"name":"SET_PLAYER_CONTROL","hash":"0x8D32347D6D4C40A2","ctx":{"idx":0,"type":"Player"},"type":"ctx","args":[{"type":"Player","translate":true},{"type":"BOOL"},{"type":"int"}]},{"name":"SET_PLAYER_INVINCIBLE","hash":"0x239528EACDC3E7DE","ctx":{"idx":0,"type":"Player"},"type":"ctx","args":[{"type":"Player","translate":true},{"type":"BOOL"}]},{"name":"SET_PLAYER_WANTED_LEVEL","hash":"0x39FF19C64EF7DA5B","ctx":{"idx":0,"type":"Player"},"type":"ctx","args":[{"type":"Player","translate":true},{"type":"int"},{"type":"BOOL"}]},{"name":"CLEAR_PLAYER_WANTED_LEVEL","hash":"0xB302540597885499","ctx":{"idx":0,"type":"Player"},"type":"ctx","args":[{"type":"Player","translate":true}]},{"args":[{"type":"int"},{"type":"Hash"},{"type":"float"},{"type":"float"},{"type":"float"},{"type":"float"},{"type":"BOOL"},{"type":"BOOL"}],"type":"entity","name":"CREATE_PED","hash":"0xD49F9B0955C367DE"},{"args":[{"type":"Entity","translate":true},{"type":"int"},{"type":"Hash"},{"type":"int"},{"type":"BOOL"},{"type":"BOOL"}],"type":"entity","name":"CREATE_PED_INSIDE_VEHICLE","hash":"0x7DD959874C1FD534"},{"name":"ADD_PED_DECORATION_FROM_HASHES","hash":"0x5F5D1665E352A839","ctx":{"idx":0,"type":"Entity"},"type":"ctx","args":[{"type":"Entity","translate":true},{"type":"Hash"},{"type":"Hash"}]},{"name":"SET_PED_INTO_VEHICLE","hash":"0xF75B0D629E1C063D","ctx":{"idx":0,"type":"Entity"},"type":"ctx","args":[{"type":"Entity","translate":true},{"type":"Entity","translate":true},{"type":"int"}]},{"name":"SET_PED_HEAD_BLEND_DATA","hash":"0x9414E18B9434C2FE","ctx":{"idx":0,"type":"Entity"},"type":"ctx","args":[{"type":"Entity","translate":true},{"type":"int"},{"type":"int"},{"type":"int"},{"type":"int"},{"type":"int"},{"type":"int"},{"type":"float"},{"type":"float"},{"type":"float"},{"type":"BOOL"}]},{"name":"SET_PED_HEAD_OVERLAY","hash":"0x48F44967FA05CC1E","ctx":{"idx":0,"type":"Entity"},"type":"ctx","args":[{"type":"Entity","translate":true},{"type":"int"},{"type":"int"},{"type":"float"}]},{"name":"_SET_PED_HAIR_COLOR","hash":"0x4CFFC65454C93A49","ctx":{"idx":0,"type":"Entity"},"type":"ctx","args":[{"type":"Entity","translate":true},{"type":"int"},{"type":"int"}]},{"name":"_SET_PED_HEAD_OVERLAY_COLOR","hash":"0x497BF74A7B9CB952","ctx":{"idx":0,"type":"Entity"},"type":"ctx","args":[{"type":"Entity","translate":true},{"type":"int"},{"type":"int"},{"type":"int"},{"type":"int"}]},{"name":"_SET_PED_EYE_COLOR","hash":"0x50B56988B170AFDF","ctx":{"idx":0,"type":"Entity"},"type":"ctx","args":[{"type":"Entity","translate":true},{"type":"int"}]},{"name":"_SET_PED_FACE_FEATURE","hash":"0x71A5C1DBA060049E","ctx":{"idx":0,"type":"Entity"},"type":"ctx","args":[{"type":"Entity","translate":true},{"type":"int"},{"type":"float"}]},{"name":"SET_PED_DEFAULT_COMPONENT_VARIATION","hash":"0x45EEE61580806D63","ctx":{"idx":0,"type":"Entity"},"type":"ctx","args":[{"type":"Entity","translate":true}]},{"name":"SET_PED_RANDOM_COMPONENT_VARIATION","hash":"0xC8A9481A01E63C28","ctx":{"idx":0,"type":"Entity"},"type":"ctx","args":[{"type":"Entity","translate":true},{"type":"int"}]},{"name":"SET_PED_COMPONENT_VARIATION","hash":"0x262B14F48D29DE80","ctx":{"idx":0,"type":"Entity"},"type":"ctx","args":[{"type":"Entity","translate":true},{"type":"int"},{"type":"int"},{"type":"int"},{"type":"int"}]},{"name":"CLEAR_PED_PROP","hash":"0x0943E5B8E078E76E","ctx":{"idx":0,"type":"Entity"},"type":"ctx","args":[{"type":"Entity","translate":true},{"type":"int"}]},{"name":"SET_PED_RANDOM_PROPS","hash":"0xC44AA05345C992C6","ctx":{"idx":0,"type":"Entity"},"type":"ctx","args":[{"type":"Entity","translate":true}]},{"name":"SET_PED_PROP_INDEX","hash":"0x93376B65A266EB5F","ctx":{"idx":0,"type":"Entity"},"type":"ctx","args":[{"type":"Entity","translate":true},{"type":"int"},{"type":"int"},{"type":"int"},{"type":"BOOL"}]},{"name":"SET_PED_ARMOUR","hash":"0xCEA04D83135264CC","ctx":{"idx":0,"type":"Entity"},"type":"ctx","args":[{"type":"Entity","translate":true},{"type":"int"}]},{"name":"SET_PED_CAN_RAGDOLL","hash":"0xB128377056A54E2A","ctx":{"idx":0,"type":"Entity"},"type":"ctx","args":[{"type":"Entity","translate":true},{"type":"BOOL"}]},{"name":"SET_PED_CONFIG_FLAG","hash":"0x1913FE4CBF41C463","ctx":{"idx":0,"type":"Entity"},"type":"ctx","args":[{"type":"Entity","translate":true},{"type":"int"},{"type":"BOOL"}]},{"name":"SET_PED_RESET_FLAG","hash":"0xC1E8A365BF3B29F2","ctx":{"idx":0,"type":"Entity"},"type":"ctx","args":[{"type":"Entity","translate":true},{"type":"int"},{"type":"BOOL"}]},{"name":"SET_PED_TO_RAGDOLL","hash":"0xAE99FB955581844A","ctx":{"idx":0,"type":"Entity"},"type":"ctx","args":[{"type":"Entity","translate":true},{"type":"int"},{"type":"int"},{"type":"int"},{"type":"BOOL"},{"type":"BOOL"},{"type":"BOOL"}]},{"name":"SET_PED_TO_RAGDOLL_WITH_FALL","hash":"0xD76632D99E4966C8","ctx":{"idx":0,"type":"Entity"},"type":"ctx","args":[{"type":"Entity","translate":true},{"type":"int"},{"type":"int"},{"type":"int"},{"type":"float"},{"type":"float"},{"type":"float"},{"type":"float"},{"type":"float"},{"type":"float"},{"type":"float"},{"type":"float"},{"type":"float"},{"type":"float"}]},{"name":"GIVE_WEAPON_TO_PED","hash":"0xBF0FD6E56C964FCB","ctx":{"idx":0,"type":"Entity"},"type":"ctx","args":[{"type":"Entity","translate":true},{"type":"Hash"},{"type":"int"},{"type":"BOOL"},{"type":"BOOL"}]},{"name":"GIVE_WEAPON_COMPONENT_TO_PED","hash":"0xD966D51AA5B28BB9","ctx":{"idx":0,"type":"Entity"},"type":"ctx","args":[{"type":"Entity","translate":true},{"type":"Hash"},{"type":"Hash"}]},{"name":"REMOVE_WEAPON_FROM_PED","hash":"0x4899CB088EDF59B8","ctx":{"idx":0,"type":"Entity"},"type":"ctx","args":[{"type":"Entity","translate":true},{"type":"Hash"}]},{"name":"REMOVE_ALL_PED_WEAPONS","hash":"0xF25DF915FA38C5F3","ctx":{"idx":0,"type":"Entity"},"type":"ctx","args":[{"type":"Entity","translate":true},{"type":"BOOL"}]},{"name":"REMOVE_WEAPON_COMPONENT_FROM_PED","hash":"0x1E8BE90C74FB4C09","ctx":{"idx":0,"type":"Entity"},"type":"ctx","args":[{"type":"Entity","translate":true},{"type":"Hash"},{"type":"Hash"}]},{"name":"SET_CURRENT_PED_WEAPON","hash":"0xADF692B254977C0C","ctx":{"idx":0,"type":"Entity"},"type":"ctx","args":[{"type":"Entity","translate":true},{"type":"Hash"},{"type":"BOOL"}]},{"name":"SET_PED_AMMO","hash":"0x14E56BC5B5DB6A19","ctx":{"idx":0,"type":"Entity"},"type":"ctx","args":[{"type":"Entity","translate":true},{"type":"Hash"},{"type":"int"}]},{"name":"TASK_REACT_AND_FLEE_PED","hash":"0x72C896464915D1B1","ctx":{"idx":0,"type":"Entity"},"type":"ctx","args":[{"type":"Entity","translate":true},{"type":"Entity","translate":true}]},{"name":"TASK_SHOOT_AT_COORD","hash":"0x46A6CC01E0826106","ctx":{"idx":0,"type":"Entity"},"type":"ctx","args":[{"type":"Entity","translate":true},{"type":"float"},{"type":"float"},{"type":"float"},{"type":"int"},{"type":"Hash"}]},{"name":"TASK_SHOOT_AT_ENTITY","hash":"0x08DA95E8298AE772","ctx":{"idx":0,"type":"Entity"},"type":"ctx","args":[{"type":"Entity","translate":true},{"type":"Entity","translate":true},{"type":"int"},{"type":"Hash"}]},{"name":"TASK_COMBAT_PED","hash":"0xF166E48407BAC484","ctx":{"idx":0,"type":"Entity"},"type":"ctx","args":[{"type":"Entity","translate":true},{"type":"Entity","translate":true},{"type":"int"},{"type":"int"}]},{"name":"TASK_DRIVE_BY","hash":"0x2F8AF0E82773A171","ctx":{"idx":0,"type":"Entity"},"type":"ctx","args":[{"type":"Entity","translate":true},{"type":"Entity","translate":true},{"type":"Entity","translate":true},{"type":"float"},{"type":"float"},{"type":"float"},{"type":"float"},{"type":"int"},{"type":"BOOL"},{"type":"Hash"}]},{"name":"TASK_ENTER_VEHICLE","hash":"0xC20E50AA46D09CA8","ctx":{"idx":0,"type":"Entity"},"type":"ctx","args":[{"type":"Entity","translate":true},{"type":"Entity","translate":true},{"type":"int"},{"type":"int"},{"type":"float"},{"type":"int"},{"type":"Any"}]},{"name":"TASK_WARP_PED_INTO_VEHICLE","hash":"0x9A7D091411C5F684","ctx":{"idx":0,"type":"Entity"},"type":"ctx","args":[{"type":"Entity","translate":true},{"type":"Entity","translate":true},{"type":"int"}]},{"name":"TASK_HANDS_UP","hash":"0xF2EAB31979A7F910","ctx":{"idx":0,"type":"Entity"},"type":"ctx","args":[{"type":"Entity","translate":true},{"type":"int"},{"type":"Entity","translate":true},{"type":"int"},{"type":"BOOL"}]},{"name":"TASK_PLAY_ANIM","hash":"0xEA47FE3719165B94","ctx":{"idx":0,"type":"Entity"},"type":"ctx","args":[{"type":"Entity","translate":true},{"type":"charPtr"},{"type":"charPtr"},{"type":"float"},{"type":"float"},{"type":"int"},{"type":"int"},{"type":"float"},{"type":"BOOL"},{"type":"BOOL"},{"type":"BOOL"}]},{"name":"TASK_PLAY_ANIM_ADVANCED","hash":"0x83CDB10EA29B370B","ctx":{"idx":0,"type":"Entity"},"type":"ctx","args":[{"type":"Entity","translate":true},{"type":"charPtr"},{"type":"charPtr"},{"type":"float"},{"type":"float"},{"type":"float"},{"type":"float"},{"type":"float"},{"type":"float"},{"type":"float"},{"type":"float"},{"type":"int"},{"type":"Any"},{"type":"float"},{"type":"Any"},{"type":"Any"}]},{"name":"CLEAR_PED_TASKS","hash":"0xE1EF3C1216AFF2CD","ctx":{"idx":0,"type":"Entity"},"type":"ctx","args":[{"type":"Entity","translate":true}]},{"name":"CLEAR_PED_TASKS_IMMEDIATELY","hash":"0xAAA34F8A7CB32098","ctx":{"idx":0,"type":"Entity"},"type":"ctx","args":[{"type":"Entity","translate":true}]},{"name":"CLEAR_PED_SECONDARY_TASK","hash":"0x176CECF6F920D707","ctx":{"idx":0,"type":"Entity"},"type":"ctx","args":[{"type":"Entity","translate":true}]},{"name":"TASK_EVERYONE_LEAVE_VEHICLE","hash":"0x7F93691AB4B92272","ctx":{"idx":0,"type":"Entity"},"type":"ctx","args":[{"type":"Entity","translate":true}]},{"name":"TASK_LEAVE_ANY_VEHICLE","hash":"0x504D54DF3F6F2247","ctx":{"idx":0,"type":"Entity"},"type":"ctx","args":[{"type":"Entity","translate":true},{"type":"int"},{"type":"int"}]},{"name":"TASK_LEAVE_VEHICLE","hash":"0xD3DBCE61A490BE02","ctx":{"idx":0,"type":"Entity"},"type":"ctx","args":[{"type":"Entity","translate":true},{"type":"Entity","translate":true},{"type":"int"}]},{"name":"TASK_GO_STRAIGHT_TO_COORD","hash":"0xD76B57B44F1E6F8B","ctx":{"idx":0,"type":"Entity"},"type":"ctx","args":[{"type":"Entity","translate":true},{"type":"float"},{"type":"float"},{"type":"float"},{"type":"float"},{"type":"int"},{"type":"float"},{"type":"float"}]},{"name":"TASK_GO_TO_COORD_ANY_MEANS","hash":"0x5BC448CB78FA3E88","ctx":{"idx":0,"type":"Entity"},"type":"ctx","args":[{"type":"Entity","translate":true},{"type":"float"},{"type":"float"},{"type":"float"},{"type":"float"},{"type":"Any"},{"type":"BOOL"},{"type":"int"},{"type":"float"}]},{"name":"TASK_GO_TO_ENTITY","hash":"0x6A071245EB0D1882","ctx":{"idx":0,"type":"Entity"},"type":"ctx","args":[{"type":"Entity","translate":true},{"type":"Entity","translate":true},{"type":"int"},{"type":"float"},{"type":"float"},{"type":"float"},{"type":"int"}]},{"args":[{"type":"Hash"},{"type":"float"},{"type":"float"},{"type":"float"},{"type":"float"},{"type":"BOOL"},{"type":"BOOL"}],"type":"entity","name":"CREATE_VEHICLE","hash":"0xAF35D0D2583051B0"},{"name":"SET_VEHICLE_ALARM","hash":"0xCDE5E70C1DDB954C","ctx":{"idx":0,"type":"Entity"},"type":"ctx","args":[{"type":"Entity","translate":true},{"type":"BOOL"}]},{"name":"SET_VEHICLE_BODY_HEALTH","hash":"0xB77D05AC8C78AADB","ctx":{"idx":0,"type":"Entity"},"type":"ctx","args":[{"type":"Entity","translate":true},{"type":"float"}]},{"name":"SET_VEHICLE_COLOURS","hash":"0x4F1D4BE3A7F24601","ctx":{"idx":0,"type":"Entity"},"type":"ctx","args":[{"type":"Entity","translate":true},{"type":"int"},{"type":"int"}]},{"name":"SET_VEHICLE_COLOUR_COMBINATION","hash":"0x33E8CD3322E2FE31","ctx":{"idx":0,"type":"Entity"},"type":"ctx","args":[{"type":"Entity","translate":true},{"type":"int"}]},{"name":"SET_VEHICLE_CUSTOM_PRIMARY_COLOUR","hash":"0x7141766F91D15BEA","ctx":{"idx":0,"type":"Entity"},"type":"ctx","args":[{"type":"Entity","translate":true},{"type":"int"},{"type":"int"},{"type":"int"}]},{"name":"SET_VEHICLE_CUSTOM_SECONDARY_COLOUR","hash":"0x36CED73BFED89754","ctx":{"idx":0,"type":"Entity"},"type":"ctx","args":[{"type":"Entity","translate":true},{"type":"int"},{"type":"int"},{"type":"int"}]},{"name":"SET_VEHICLE_DIRT_LEVEL","hash":"0x79D3B596FE44EE8B","ctx":{"idx":0,"type":"Entity"},"type":"ctx","args":[{"type":"Entity","translate":true},{"type":"float"}]},{"name":"SET_VEHICLE_DOOR_BROKEN","hash":"0xD4D4F6A4AB575A33","ctx":{"idx":0,"type":"Entity"},"type":"ctx","args":[{"type":"Entity","translate":true},{"type":"int"},{"type":"BOOL"}]},{"name":"SET_VEHICLE_NUMBER_PLATE_TEXT","hash":"0x95A88F0B409CDA47","ctx":{"idx":0,"type":"Entity"},"type":"ctx","args":[{"type":"Entity","translate":true},{"type":"charPtr"}]},{"name":"SET_VEHICLE_DOORS_LOCKED","hash":"0xB664292EAECF7FA6","ctx":{"idx":0,"type":"Entity"},"type":"ctx","args":[{"type":"Entity","translate":true},{"type":"int"}]},{"args":[{"type":"Hash"},{"type":"float"},{"type":"float"},{"type":"float"},{"type":"BOOL"},{"type":"BOOL"},{"type":"BOOL"}],"type":"entity","name":"CREATE_OBJECT","hash":"0x509D5878EB39E842"},{"args":[{"type":"Hash"},{"type":"float"},{"type":"float"},{"type":"float"},{"type":"BOOL"},{"type":"BOOL"},{"type":"BOOL"}],"type":"entity","name":"CREATE_OBJECT_NO_OFFSET","hash":"0x9A294B2138ABB884"},{"args":[{"type":"float"},{"type":"float"},{"type":"float"},{"type":"float"},{"type":"float"}],"type":"object","name":"_ADD_BLIP_FOR_AREA","hash":"0xCE5D0E5E315DB238"},{"args":[{"type":"float"},{"type":"float"},{"type":"float"}],"type":"object","name":"ADD_BLIP_FOR_COORD","hash":"0x5A039BB0BCA604B6"},{"args":[{"type":"float"},{"type":"float"},{"type":"float"},{"type":"float"}],"type":"object","name":"ADD_BLIP_FOR_RADIUS","hash":"0x46818D79B1F7499A"},{"args":[{"type":"Entity","translate":true}],"type":"object","name":"ADD_BLIP_FOR_ENTITY","hash":"0x5CDE92C702A8FCE7"},{"name":"SET_BLIP_SPRITE","getter":{"returnType":"int","name":"GET_BLIP_SPRITE","returnArgStart":1},"hash":"0xDF735600A4696DAF","ctx":{"idx":0,"type":"ObjRef"},"type":"ctx","args":[{"type":"ObjRef","translate":true},{"type":"int"}]},{"name":"REMOVE_BLIP","hash":"0x86A652570E5F25DD","ctx":{"idx":0,"type":"ObjDel"},"type":"ctx","args":[{"type":"ObjDel","translate":true}]}]
